[
{"IMAGE link": "images/logo.png"},
{"IMAGE link": "images/flexslider/1.jpg"},
{"IMAGE link": "images/flexslider/2.jpg"},
{"IMAGE link": "images/flexslider/3.jpg"},
{"IMAGE link": "images/portfolio/a.jpg"},
{"IMAGE link": "images/portfolio/b.jpg"},
{"IMAGE link": "images/portfolio/c.jpg"},
{"IMAGE link": "images/portfolio/a.jpg"},
{"IMAGE link": "images/portfolio/b.jpg"},
{"IMAGE link": "images/portfolio/c.jpg"},
{"IMAGE link": "images/socials/twitter.png"},
{"IMAGE link": "images/socials/facebook.png"},
{"IMAGE link": "images/socials/dribbble.png"},
{"IMAGE link": "images/socials/google+.png"},
{"IMAGE link": "images/socials/linkedin.png"},
{"IMAGE link": "images/socials/youtube.png"}
]